Date,Close,High,Low,Open,Volume
,AAPL,AAPL,AAPL,AAPL,AAPL
2022-04-08,167.3778839111328,169.0409389910171,166.5020757053073,169.0409389910171,76575500
2022-04-11,163.10708618164062,166.33478478538393,162.8610724769926,166.0198950514866,72246700
2022-04-12,164.9866180419922,167.16137056561655,163.9828780227514,165.3408783419899,79265200
2022-04-13,167.6829376220703,168.3127321148904,164.11082878699807,164.72093797881234,70618900
2022-04-14,162.65440368652344,168.53906192676106,162.40838999801636,167.89941732735232,75329400
2022-04-18,162.4379425048828,163.9435452353402,160.9618602189061,161.30627040967605,69023900
2022-04-19,164.73077392578125,165.14409017149563,161.2964321500132,162.3887336211493,67723800
2022-04-20,164.5634765625,166.1871759578773,163.45150487225482,166.06907917381437,67929800
2022-04-21,163.76638793945312,168.7949082587247,163.2645254279015,166.2166896462883,87227800
2022-04-22,159.210205078125,165.19325952257165,158.92483581876152,163.8057537918965,84882400
2022-04-25,160.28285217285156,160.5682214607871,155.9333317168137,158.55090609825874,96046400
2022-04-26,154.29981994628906,159.75147779014623,154.22109374803105,159.66291644791357,95623200
2022-04-27,154.07347106933594,157.24211378977282,152.9024434257798,153.42399128149194,88063200
2022-04-28,161.03074645996094,161.8967195942573,156.3958411813348,156.710745963074,130216800
2022-04-29,155.13624572753906,163.54991794930683,154.7426297819827,159.25943807460507,131747600
2022-05-02,155.44129943847656,155.70698341755673,150.8260801242461,154.21123096519486,123055300
2022-05-03,156.9370574951172,158.14745572719883,153.8274556953841,155.6282627909498,88966500
2022-05-04,163.37278747558594,163.82544428980776,156.7205671988061,157.12403328379716,108256500
2022-05-05,154.27027893066406,161.46371729012728,152.47929194392455,161.23738888499025,130525300
2022-05-06,154.99954223632812,157.12822726592017,151.94448418251287,153.74795219056614,116124600
2022-05-09,149.855224609375,153.5705662251753,149.29349706523496,152.68360662844097,131577900
2022-05-10,152.2696990966797,154.46737635991622,150.71260627459526,153.26506437118704,115366700
2022-05-11,144.3758544921875,153.1960828683304,143.6958565940324,151.27435948498825,142689800
2022-05-12,140.49295043945312,144.08017169792242,136.78747393168032,140.6999121632787,182602000
2022-05-13,144.97702026367188,145.95267144882655,141.03501714594583,142.49355408899086,113990900
2022-05-16,143.42977905273438,145.3810814533927,142.08949737035988,143.43964368471316,86643800
2022-05-17,147.0761260986328,147.5984402531948,144.5532317399834,146.7016310302499,78336300
2022-05-18,138.77821350097656,145.2233813560545,137.87153963890293,144.72078142086878,109742900
2022-05-19,135.35850524902344,139.6060101724561,134.61937984366847,137.85182041341724,136095600
2022-05-20,135.5950469970703,138.65995498562737,130.68725738522548,137.07329814838306,137426100
2022-05-23,141.0349884033203,141.18280747509044,135.6541486277064,135.792118107207,117726300
2022-05-24,138.3248748779297,139.91153156082976,135.3388090457555,138.76834717267448,104132700
2022-05-25,138.48255920410156,139.73413423560646,136.33415991086508,136.42285136269513,92482700
2022-05-26,141.69529724121094,142.24717525757603,135.1515728345783,135.3979480231376,90601500
2022-05-27,147.47032165527344,147.50973506608682,143.15382385017716,143.28194375102797,90978500
2022-05-31,146.6819305419922,148.47554915584195,144.71092900811684,146.90860654542266,103718400
2022-06-01,146.55380249023438,149.53986813880326,145.53872302627965,147.72653558588104,74286600
2022-06-02,149.017578125,149.07670576522273,144.7306437582719,145.6865807086683,72348100
2022-06-03,143.2720947265625,145.82453789756687,142.3654358987846,144.770044944171,88570300
2022-06-06,144.02105712890625,146.41583140720172,142.799030970996,144.89815206168706,71598400
2022-06-07,146.55380249023438,146.83959105092737,142.0106440716535,142.25701922442352,67808200
2022-06-08,145.81468200683594,147.69697680968412,145.32193168448424,146.42568759453718,53950200
2022-06-09,140.5718231201172,145.80482957531117,140.46341743862806,144.9474487547002,69473000
2022-06-10,135.1417236328125,138.7190811555441,135.07273136179253,138.24604500265073,91437900
2022-06-13,129.9678497314453,133.23970455320375,129.53422697538784,130.94348589502584,122207100
2022-06-14,130.83506774902344,131.94868835400084,129.57362805380447,131.19971323419813,84784300
2022-06-15,133.4663543701172,135.34866434133303,130.24377786500034,132.3428841585756,91533000
2022-06-16,128.17422485351562,130.47044340040713,127.16900988024103,130.16494057459525,108123900
2022-06-17,129.65248107910156,131.15044648524733,127.92785470255139,128.18409453109854,134520300
2022-06-21,133.89996337890625,135.07271151353063,131.3869488476208,131.48548988632155,81000500
2022-06-22,133.3875274658203,135.76257275465719,131.96840403366457,132.8356344352228,73409200
2022-06-23,136.26519775390625,136.58055018558431,133.66347628298064,134.83622462315083,72433800
2022-06-24,139.6060333251953,139.85240850117333,137.7434375963034,137.87154246227976,89116800
2022-06-27,139.6060333251953,141.4095014178601,138.9260354334884,140.63094744074303,70207900
2022-06-28,135.44720458984375,141.34049395514106,135.328949330103,140.06920480029078,67083400
2022-06-29,137.21128845214844,138.6304121785202,134.68840851084335,135.46696265623785,66242400
2022-06-30,134.7376708984375,136.36374120727302,131.8304465390549,135.2599851206719,98964500
2022-07-01,136.91561889648438,137.024024585963,133.6930421082137,134.06752218659983,71051600
2022-07-05,139.50747680664062,139.5567548491927,134.94460374967946,135.77243576693132,73353800
2022-07-06,140.84774780273438,142.03034554759492,139.03443025811183,139.30051963790794,74064300
2022-07-07,144.22802734375,144.42512446788226,141.20253310502923,141.21238269809453,66253700
2022-07-08,144.9080047607422,145.4106197017086,142.89759010951482,143.1538148575739,64547800
2022-07-11,142.7694854736328,144.51382597051048,141.69529329047643,143.55788906254995,63141600
2022-07-12,143.7451171875,146.29756011597522,142.94686411267188,143.64656111311933,77588800
2022-07-13,143.38052368164062,144.32659607398423,140.05937560083458,140.91677156348607,71185600
2022-07-14,146.3172607421875,146.7902967726585,141.17294691848926,141.99091413969506,78140700
2022-07-15,147.99264526367188,148.67264318460957,146.05120759050547,147.6083005741264,76259900
2022-07-18,144.9375762939453,149.37232886647305,144.57293085689554,148.55436158747918,81420900
2022-07-19,148.8106231689453,149.0372841460399,144.7799284417916,145.77527885211921,82982400
2022-07-20,150.8209991455078,151.49114734609626,148.18971445377295,148.92883987406518,64823400
2022-07-21,153.09754943847656,153.31436080918664,149.73698823001865,152.25986777550145,65086600
2022-07-22,151.85581970214844,154.01406893177526,151.18568635393427,153.13697379217183,66675400
2022-07-25,150.73231506347656,152.79200772624299,150.07203146028309,151.77694330248553,53623900
2022-07-26,149.4019012451172,150.87028755705626,148.61349773507445,150.05232023117222,55138700
2022-07-27,154.51663208007812,155.04881082380393,149.9537745387539,150.36768298523742,78620700
2022-07-28,155.06854248046875,155.3543310693815,152.17116799178928,154.70389699283152,81378700
2022-07-29,160.15371704101562,161.257488076031,157.1873652790473,158.90214195015406,101786900
2022-08-01,159.16818237304688,161.2180252437156,158.5571768672624,158.6754321167576,67829400
2022-08-02,157.68995666503906,160.05516729364513,157.31547663627524,157.77866315380257,59907000
2022-08-03,163.7212371826172,164.17455908657996,158.41923856963987,158.50793002421338,82507500
2022-08-04,163.4058837890625,164.76587969298566,162.04588788513934,163.60298093980023,55474100
2022-08-05,163.17889404296875,163.6723288419394,160.85974446443265,161.06699370571175,56697000
2022-08-08,162.7052001953125,165.60659947941937,162.04399931317954,164.18550472324978,60276900
2022-08-09,162.7545166015625,163.64270818917976,161.1064463388297,161.86634007237882,63135500
2022-08-10,167.01780700683594,167.11648492615134,164.70852083002953,165.47827786948693,70170500
2022-08-11,166.2776641845703,168.74483818248612,165.9816002931334,167.8270416248752,57149200
2022-08-12,169.84024047851562,169.90931351048877,167.17568088366417,167.59017930923486,68039400
2022-08-15,170.91590881347656,171.1132796760372,169.1000727844284,169.2678387705265,54091700
2022-08-16,170.758056640625,171.4291358420734,169.40605002056787,170.5113392247935,56377100
2022-08-17,172.2581024169922,173.83708484024334,170.30410470369227,170.50147562429416,79542000
2022-08-18,171.86334228515625,172.60349451732048,170.8468677576589,171.4686004513763,62290100
2022-08-19,169.2678680419922,171.45871962967124,169.06061881248345,170.75803562921558,70346300
2022-08-22,165.3697509765625,167.62967580149297,164.94538920566245,167.461909771558,69026800
2022-08-23,165.03419494628906,166.49477276056035,164.46180878530728,164.88617053329148,54147100
2022-08-24,165.33026123046875,165.90264739975865,164.06706935977206,165.12302704926418,53841500
2022-08-25,167.7974395751953,167.9059958352742,166.13950584864693,166.56385255540565,51218200
2022-08-26,161.47161865234375,168.8040684970926,161.41240887853596,168.33037524819332,78961000
2022-08-29,159.2610321044922,160.76106316026429,157.72151782921043,159.03404123840198,73314000
2022-08-30,156.82342529296875,160.42549270190426,155.6490482577436,160.00114607354294,77906200
2022-08-31,155.1556396484375,158.47152210531658,155.07668827346,158.20506309707196,87991100
2022-09-01,155.88592529296875,156.3398768664933,152.6391159459931,154.58325022090398,74229900
2022-09-02,153.7641143798828,158.254373032356,152.93514772176113,157.65238211334182,76957800
2022-09-06,152.50096130371094,155.02734512371137,151.67199443622994,154.41549077748996,73714800
2022-09-07,153.91220092773438,154.61286996329966,151.59305117128892,152.78717010211398,87449600
2022-09-08,152.431884765625,154.30693097885487,150.6752430270464,152.60951406525444,84923800
2022-09-09,155.3036651611328,155.74776853082003,152.71807161072002,153.42861893209738,68028800
2022-09-12,161.28407287597656,162.10317635640433,157.2083121383532,157.49449766359504,104956000
2022-09-13,151.8200225830078,158.4320461932663,151.35619264515168,157.80045022276116,122656600
2022-09-14,153.2707061767578,155.0372110898694,151.59303096684667,152.75752979849568,87965400
2022-09-15,150.3693084716797,153.2016343191028,149.39231725485783,152.6193698403597,90481100
2022-09-16,148.72125244140625,149.36272674550892,146.4218443622924,149.22456559759132,162278800
2022-09-19,152.45162963867188,152.53058102303027,147.14228080189363,147.34951500970212,81474200
2022-09-20,154.83981323242188,156.00432703299086,151.06997970170357,151.38577010052077,107689800
2022-09-21,151.7016143798828,156.6557045846627,151.58319483232563,155.27407794326896,101696800
2022-09-22,150.73446655273438,152.44174672656402,148.92849339656019,150.37919289810281,86652500
2022-09-23,148.4547882080078,149.48114103515752,146.60934685596038,149.20481874902532,96029900
2022-09-26,148.79031372070312,151.75092212100176,147.67514640455875,147.6948880102553,93339400
2022-09-27,149.76731872558594,152.68845924345578,147.98108723466274,150.7344617346572,84442700
2022-09-28,147.87254333496094,148.66204205913598,142.9381951319115,145.70143313730634,146691400
2022-09-29,140.60916137695312,144.7934934551737,138.83279327495222,144.18163918720862,128138200
2022-09-30,136.3853759765625,141.2210460611346,136.18800506786133,139.42493615755308,124925300
2022-10-03,140.57957458496094,141.1914439900878,135.88208060719077,136.39525702678367,114311700
2022-10-04,144.18167114257812,144.30009068947933,142.36581942561767,143.125713321253,87830100
2022-10-05,144.47767639160156,145.44481926076756,141.13218967572325,142.17828390513333,79471000
2022-10-06,143.52044677734375,145.60274235287363,143.31321258240413,143.895462065149,68402200
2022-10-07,138.2505645751953,141.22105183590455,137.61896860646343,140.6683921871329,85925600
2022-10-10,138.5762176513672,140.02691706572585,136.7505180551927,138.5762176513672,74899000
2022-10-11,137.1551513671875,139.49404287569013,136.40513579064609,138.06306971513882,77033700
2022-10-12,136.52352905273438,138.51700974724292,136.3458997629281,137.30316442493086,70433700
2022-10-13,141.1125030517578,141.70461583345536,132.60567604457702,133.21754549496526,113224000
2022-10-14,136.56301879882812,142.62239748423457,136.37551116721934,142.41514824444727,88598000
2022-10-17,140.5400848388672,141.0236412417774,138.4281847753723,139.21768336307096,85250900
2022-10-18,141.86251831054688,144.77378089201514,138.7637480781357,143.5796769966995,99136600
2022-10-19,141.9710693359375,143.04675364711534,139.64205634508835,139.8295639891064,61758300
2022-10-20,141.5072021484375,143.97437563945456,140.77691337406094,141.1420652904652,64522000
2022-10-21,145.33627319335938,145.90865930136042,140.77692593540152,140.99403842665825,86548600
2022-10-24,147.48765563964844,148.2574127069579,144.08295860217441,145.25733581108966,75981900
2022-10-25,150.3397216796875,150.48776116501867,147.39885428402872,148.1192649256449,74732300
2022-10-26,147.38897705078125,149.9943121264643,146.09616525843597,148.9778376688811,88194300
2022-10-27,142.8987274169922,147.09292340264514,142.23752656273683,146.12579536819774,109180200
2022-10-28,153.695068359375,155.4319533375391,145.87906336998515,146.25406355734995,164762400
2022-10-31,151.32659912109375,152.21479090339474,149.92524592690708,151.1489697996957,97943200
2022-11-01,148.67189025878906,153.40886706506188,147.17185939924275,153.0437301537615,80379300
2022-11-02,143.12570190429688,150.17195049314788,143.09609701993313,146.9942290649959,93604600
2022-11-03,137.05645751953125,140.92498461939732,136.92815965034873,140.1946956802254,97918500
2022-11-04,136.78953552246094,141.0302218087603,132.835509487029,140.4568862236132,140814800
2022-11-07,137.32334899902344,137.55070131674174,134.1107022229699,135.53415428478314,83374600
2022-11-08,137.8966827392578,139.80449340378325,135.90978972981833,138.79622744381308,89908500
2022-11-09,133.3198699951172,136.95758184489978,133.04308937521566,136.90815350204326,74917800
2022-11-10,145.1819610595703,145.1819610595703,137.89667216677097,139.61667909909517,118854000
2022-11-11,147.9794464111328,148.28588106740983,142.71070401695297,144.1440507641814,93979700
2022-11-14,146.5757598876953,148.5527731206919,145.73552323030617,147.25783186642536,73374100
2022-11-15,148.3155517578125,151.82475387007386,146.85256593568872,150.47050439791028,89868300
2022-11-16,147.07989501953125,148.14748399123684,145.5971350727314,147.41599873753398,64218300
2022-11-17,148.9877166748047,149.7389762643868,144.47023425105218,144.74701489370946,80389400
2022-11-18,149.55116271972656,150.94496070019653,148.246341800127,150.5594437144723,74829600
2022-11-21,146.30886840820312,148.6417447784354,146.02220810744817,148.43416682216127,58724100
2022-11-22,148.45391845703125,148.6911654782662,145.24127190945183,146.42749193221246,51804100
2022-11-23,149.33370971679688,150.08496935516192,147.62358231947215,147.73231865639212,58301400
2022-11-25,146.40771484375,147.16886915801885,145.4290878682615,146.6054131493823,35195900
2022-11-28,142.56243896484375,144.95462339373816,141.73209694821898,143.47186332830165,69246000
2022-11-29,139.5474853515625,143.14564904140522,138.73691772229893,142.6316213475949,83763800
2022-11-30,146.32864379882812,147.01071582680532,138.9346179969114,139.7748396315525,111380900
2022-12-01,146.6054229736328,147.41600568948158,144.92496463802757,146.5065813559001,71250400
2022-12-02,146.1111602783203,146.29897894842466,143.9759823709456,144.28243209151336,65447400
2022-12-05,144.94473266601562,149.18541949197922,144.09461635687657,146.07162962618466,68826400
2022-12-06,141.26747131347656,145.6070143612091,140.28884442227303,145.37966208348357,64727200
2022-12-07,139.32012939453125,141.72219330934035,138.39093073198447,140.55576270463825,69721100
2022-12-08,141.01046752929688,141.87047857115377,139.47829428917862,140.7238072376209,62128300
2022-12-09,140.52609252929688,143.89690343111556,139.2805646427551,140.70401646542416,76097000
2022-12-12,142.82933044433594,142.83921008074833,139.4387448115005,141.0598951045821,70462700
2022-12-13,143.79806518554688,148.24634516014598,142.58220621584587,147.78174582279246,93886200
2022-12-14,141.5640411376953,144.9743859949628,139.5375995292449,143.67944472283807,82291200
2022-12-15,134.93115234375,140.17024039649047,134.46655303010576,139.48816842184618,98931900
2022-12-16,132.9640350341797,136.06794556798988,132.1930009902241,135.11898755239025,160156900
2022-12-19,130.84860229492188,133.64607753663165,129.81068252303507,133.55711557048346,79592600
2022-12-20,130.7794189453125,131.71849714656037,128.39711455138564,129.87987436917055,77432800
2022-12-21,133.89321899414062,135.2375886040089,131.224254130209,131.45160643001654,85928000
2022-12-22,130.71023559570312,133.01345799694343,128.80242492111796,132.8058800384377,77852100
2022-12-23,130.34449768066406,130.8980590346716,128.150011539123,129.4152989435447,63814900
2022-12-27,128.53550720214844,129.8996510860134,127.24056601774359,129.86999709579138,69007800
2022-12-28,124.59137725830078,129.52402325835672,124.42333294025542,128.17965363057965,85438400
2022-12-29,128.12034606933594,128.9803420184741,126.26195630324504,126.51896259932623,75703700
2022-12-30,128.43666076660156,128.45643512279935,125.9654017030859,126.93414153068441,77034200
2023-01-03,123.63253021240234,129.39551842727084,122.74287269172645,128.78264911213327,112117500
2023-01-04,124.90770721435547,127.18127564102066,123.64241984503863,125.43161455867813,89113600
2023-01-05,123.58309936523438,126.30149268134268,123.32609306355886,125.66884902202133,80962700
2023-01-06,128.13023376464844,128.79253144434853,123.45460129199294,124.5617315121944,87754700
2023-01-09,128.65415954589844,131.87670150653418,128.39715319682298,128.97048897560737,70790800
2023-01-10,129.2274627685547,129.7513700565325,126.64745995571087,128.76286346285156,63896200
2023-01-11,131.95574951171875,131.97550878336855,128.96057576470602,129.7414893304502,69458900
2023-01-12,131.87669372558594,132.71691544226815,129.9293341536629,132.3412931209229,71379600
2023-01-13,133.2111358642578,133.369300530634,130.14677464113623,130.51251723414498,57809700
2023-01-17,134.3776092529297,135.7120843078782,132.58841445883436,133.2803661632613,63646600
2023-01-18,133.65599060058594,137.01690717262807,133.47805156045354,135.24748690824802,69672800
2023-01-19,133.71530151367188,134.68403382720132,132.23254150823482,132.53897616267878,58280400
2023-01-20,136.285400390625,136.4336854309728,132.67735732670167,133.72517191147224,80223600
2023-01-23,139.4881591796875,141.67276528101772,136.3150465332765,136.5325191798673,81760300
2023-01-24,140.89187622070312,141.51464034564432,138.68751022962752,138.69738986782352,66435100
2023-01-25,140.2295379638672,140.7929788466698,137.21459000886787,139.27068541615571,65799300
2023-01-26,142.30543518066406,142.59209549504305,140.26909865118563,141.52450641893512,54105100
2023-01-27,144.25277709960938,145.53783884062292,141.43554202324185,141.51462437013356,70555800
2023-01-30,141.35646057128906,143.8771557170406,141.20819059706298,143.29394037386407,64015300
2023-01-31,142.63162231445312,142.68105066516867,140.64472931637368,141.05990031223737,65874500
2023-02-01,143.75852966308594,144.9249754734958,139.69578139358237,142.31531825228282,77663600
2023-02-02,149.08656311035156,149.4424109834998,146.46701173795722,147.18861728641792,118339000
2023-02-03,152.7242889404297,155.57119313377925,146.13095089780094,146.32864922602454,154357300
2023-02-06,149.98611450195312,151.3403789118004,149.04703617157855,150.81647157748358,69858300
2023-02-07,152.87254333496094,153.44587898676582,148.90863720361276,148.90863720361276,83322600
2023-02-08,150.17393493652344,152.80336635897712,149.43255491704016,152.11141469080906,64120100
2023-02-09,149.135986328125,152.55622581029445,148.69116137357645,152.0125441621068,56007100
2023-02-10,149.50230407714844,149.8290111554016,147.73018216274517,147.9677914305051,57450700
2023-02-13,152.31396484375,152.71985991539307,149.41321016170093,149.44290943263957,62199000
2023-02-14,151.67044067382812,152.23475701699866,149.35380697400552,150.60122163396125,61707600
2023-02-15,153.77919006347656,153.94749097395436,151.35365383790918,151.58135329250317,65573800
2023-02-16,152.1753387451172,154.76917536637725,151.81893244470842,151.97732349543472,68167900
2023-02-17,151.0269317626953,151.47243590583543,149.34390771836374,150.8289315997935,59144100
2023-02-21,146.99755859375,149.7894107206676,146.92826533516197,148.70038717333577,58867200
2023-02-22,147.4232940673828,148.45290411559392,145.69076597475495,147.38368496565576,51011300
2023-02-23,147.9083709716797,148.83898834448985,145.7699480861059,148.591484366889,48394200
2023-02-24,145.24525451660156,145.72045796846467,144.26513323484133,145.64125487541327,55469600
2023-02-27,146.4431610107422,147.6806809778149,145.97785229460726,146.23526611588312,44998500
2023-02-28,145.9382781982422,147.5916032868755,145.36406704246494,145.58187179487862,50547000
2023-03-01,143.85923767089844,145.76006677801212,143.56222981837666,145.3640663789477,55479000
2023-03-02,144.4532470703125,145.24526294031543,142.4633051197938,142.9385237056633,52238100
2023-03-03,149.52212524414062,149.60132834219667,145.85906882111533,146.56197176838737,70732300
2023-03-06,152.2941436767578,154.7394840935164,151.92784263752011,152.2545345821982,87558000
2023-03-07,150.08641052246094,152.49214181283335,149.62110185942342,152.16543476603405,56182000
2023-03-08,151.3437042236328,151.93771972152848,150.3140944812475,151.28430569513156,47204800
2023-03-09,149.08648681640625,152.99704649679572,148.73008049756518,152.02683517023416,53833600
2023-03-10,147.01736450195312,149.43300577006005,146.13625093512175,148.7102983763868,68572400
2023-03-13,148.96768188476562,151.61102231566625,146.2253338291279,146.33423617376167,84457100
2023-03-14,151.06649780273438,151.86840813330784,148.6013682837776,149.7695796032695,73695900
2023-03-15,151.46255493164062,151.71995365613,148.42319852737018,149.68052309089944,77167900
2023-03-16,154.29397583007812,154.89788610113325,150.1260024664939,150.64081493684654,76161100
2023-03-17,153.45248413085938,155.17511745555205,152.7396713831552,154.52170325241562,98944600
2023-03-20,155.82852172851562,156.24434176719376,152.61096953502098,153.52179760346752,73641400
2023-03-21,157.68972778320312,157.80852485445894,154.9770788401289,155.74930512262205,73938300
2023-03-22,156.25421142578125,160.52117754091816,156.2344068779623,157.70953600837723,75701800
2023-03-23,157.3432159423828,159.93706781022715,156.10569609721924,157.24422341863578,67622100
2023-03-24,158.6500701904297,158.73916800835937,156.27403774029648,157.27394850099208,59196500
2023-03-27,156.69972229003906,159.1648674270664,156.29381212775743,158.34315238139064,52390300
2023-03-28,156.0760040283203,156.9076288835252,154.42267925169685,156.3928163743877,45992200
2023-03-29,159.1648712158203,159.44207447801494,157.75905035570605,157.77883979840226,51305700
2023-03-30,160.73898315429688,160.8478855082498,159.65986944195512,159.9172681392784,49501700
2023-03-31,163.25364685058594,163.35265450195365,160.2935084159188,160.8182157339851,68749800
2023-04-03,164.51095581054688,164.62975289569243,162.58042764470542,162.62993146566447,56976200
2023-04-04,163.97634887695312,165.17425973324032,163.46153634610226,164.9366655701128,46278300
2023-04-05,162.12498474121094,163.40211360465116,160.18456219964705,163.0952111184354,51511700
2023-04-06,163.01602172851562,163.31302951982073,160.3825758088242,160.80827539475462,45390100
2023-04-10,160.41226196289062,160.41226196289062,158.48173413690245,159.808351708972,47716900
2023-04-11,159.19454956054688,160.73897184874764,158.9074365082997,160.7290771287002,47644200
2023-04-12,158.5015411376953,160.44196371360533,158.18472881957942,159.61035403821532,50133100
2023-04-13,163.90704345703125,164.14465273087802,159.80837789845614,160.01628790137767,68445600
2023-04-14,163.560546875,164.65946521821587,162.18442526560762,162.94672669437054,49386500
2023-04-17,163.580322265625,163.73872843453088,162.39230621171848,163.4417206444433,41516200
2023-04-18,164.80795288085938,165.73857027099072,163.99613256812546,164.4416518212544,49923000
2023-04-19,165.9563751220703,166.48108235627174,163.8872303481945,164.14464415802902,47720200
2023-04-20,164.9861602783203,166.19398100625685,163.90704646438456,164.43175373561738,52456400
2023-04-21,163.3724365234375,164.78815208279067,162.8477292777316,163.40213579346278,58337300
2023-04-24,163.67933654785156,163.94664508043508,162.25371118266517,163.35262947612597,41949600
2023-04-25,162.13491821289062,164.64955210777222,162.09530911482935,163.5407390651718,48714100
2023-04-26,162.12498474121094,163.62981301273985,161.1745780165714,161.43197669065242,45498800
2023-04-27,166.72857666015625,166.8770729984066,163.54072434320634,163.54072434320634,64902300
2023-04-28,167.9858856201172,168.15420161173702,166.20386913874557,166.80777942388167,55209200
2023-05-01,167.89678955078125,168.74820381228082,166.9562774855819,167.58988704485296,52472900
2023-05-02,166.85726928710938,168.64921071415353,165.8672534099648,168.39179691797213,48425700
2023-05-03,165.7781524658203,169.21350870294293,165.49105451372273,167.80768799680482,65136000
2023-05-04,164.1347198486328,165.37223965151196,162.6695006318279,163.243711633137,81235400
2023-05-05,171.83709716796875,172.5598046719848,169.0551393113796,169.27294405611536,113316400
2023-05-08,171.7677764892578,172.11428813282294,170.3916548495959,170.7579559365768,55962800
2023-05-09,170.0550537109375,171.80737116626167,169.88675280256177,171.3222729910744,45326900
2023-05-10,171.82716369628906,172.29247239543182,170.18373361448457,171.29256173687202,53724500
2023-05-11,172.01527404785156,172.84688383352895,170.4510470092042,172.11428168700377,49514700
2023-05-12,171.0833740234375,172.5605284867848,169.52689179090092,172.1243165202818,45497800
2023-05-15,170.58767700195312,171.71785564660993,169.9928397669383,171.66828335580215,37266700
2023-05-16,170.58767700195312,171.64845141401116,170.3199987334625,170.50836436212853,42110300
2023-05-17,171.20233154296875,171.4402543357864,168.9518826544196,170.23077817517168,57951600
2023-05-18,173.54200744628906,173.73037308197308,171.0932844370763,171.50966446616422,65496700
2023-05-19,173.6510467529297,174.87044639396197,173.43294078431077,174.87044639396197,55772400
2023-05-22,172.69932556152344,173.20494177332736,171.95578654636702,172.481219573557,43570900
2023-05-23,170.08206176757812,171.88639029719062,169.80447509030535,171.6385439691014,50747300
2023-05-24,170.35963439941406,170.93463964845503,169.05101376120967,169.61609547644804,45143500
2023-05-25,171.49977111816406,172.40192036340346,170.21096703266915,170.92476575302507,56058300
2023-05-26,173.9187469482422,174.25582950716182,171.61874050809428,171.8269381142699,54835000
2023-05-30,175.77261352539062,177.44805707235744,175.04890650518007,175.4355461600694,55964400
2023-05-31,175.72305297851562,177.80496826079084,175.23726871202743,175.80236562165695,99625300
2023-06-01,178.53858947753906,178.5683298287558,175.405808045758,176.1691790241155,68901800
2023-06-02,179.3911895751953,180.21404129298273,177.71574578706654,179.47050222445276,61945900
2023-06-05,178.03297424316406,183.35670847100744,176.50623240767692,181.05670243794387,121946500
2023-06-06,177.66615295410156,178.56830201271356,175.90147333520082,178.41960027979346,64848400
2023-06-07,176.28814697265625,179.64894264257165,175.79245430672572,176.90280103766142,61944600
2023-06-08,179.0144500732422,179.28211321134853,175.93124119908015,176.36743802214428,50214900
2023-06-09,179.40110778808594,180.66015634842165,179.0739487923587,179.93644924551378,48870700
2023-06-12,182.2067108154297,182.30585540353945,179.41101193334958,179.7084305703386,54274900
2023-06-13,181.7308349609375,182.5635949733869,180.86833459999627,181.2252339092373,54929100
2023-06-14,182.3653106689453,182.8015225920405,180.45194442949565,181.7903054182597,57462900
2023-06-15,184.4075927734375,184.91320900884034,182.19680756750913,182.3752648056927,65433200
2023-06-16,183.3269805908203,185.37915556544473,182.68258615200966,185.12138568804832,101235600
2023-06-20,183.4162139892578,184.4968356108102,182.8213918043196,182.8213918043196,49799100
2023-06-21,182.37527465820312,183.8127805401231,181.0170663004923,183.3071642774052,49515700
2023-06-22,185.38906860351562,185.43864089866383,182.08775342754114,182.15715766621673,51245300
2023-06-23,185.07179260253906,185.94421646985703,183.41618103785228,183.95153754819322,53079300
2023-06-26,183.67396545410156,186.43001547826037,183.63430156934749,185.22052415803645,48088700
2023-06-27,186.43991088867188,186.7670698420573,184.07050070567323,184.28860667459685,50730800
2023-06-28,187.6196746826172,188.26406909954764,185.9838949305078,186.31103877905792,51216800
2023-06-29,187.9567413330078,188.43261718372244,187.31234691859044,187.45114025988062,46347300
2023-06-30,192.29901123046875,192.8046122965116,189.61235036422667,189.9791732182635,85069600
2023-07-03,190.80201721191406,192.20978249103928,190.10803541561756,192.11063791232868,31458200
2023-07-05,189.6817626953125,191.31754248795588,188.97787243386384,189.91970062749374,46920300
2023-07-06,190.1576385498047,190.36583614793244,187.57012195006965,188.20460802565435,45094300
2023-07-07,189.037353515625,191.01021583133178,188.60115666342472,189.76107572138073,46778000
2023-07-10,186.98519897460938,188.35331565327752,185.42871665150543,187.62959342704087,59922200
2023-07-11,186.45974731445312,187.66923857945199,184.9925013196807,187.53044524382943,46638100
2023-07-12,188.1352081298828,190.04857465553215,186.84640410814296,188.04597194874682,60750200
2023-07-13,188.8985595703125,189.5429691298021,188.14511214362412,188.8589108119984,41342300
2023-07-14,189.0472869873047,189.53305615859267,187.99642086899894,188.59124304090398,41573900
2023-07-17,192.31883239746094,192.64599134916114,190.1576046603519,190.2468257033596,50520200
2023-07-18,192.0610809326172,192.65591819761897,190.76236853561463,191.6843647836334,48353800
2023-07-19,193.41928100585938,196.52230675519328,190.99037488225764,191.4365103758755,80507300
2023-07-20,191.4662628173828,194.77748634801802,190.84168518874347,193.40936968617578,59581200
2023-07-21,190.2864990234375,193.29039530573385,189.58260879656223,192.42789492586837,71917800
2023-07-24,191.08950805664062,193.2309038397432,190.59381542873754,191.74382595603396,45377800
2023-07-25,191.95204162597656,192.76498493762563,191.25807485221583,191.66454650804036,37283200
2023-07-26,192.82443237304688,193.95461096026835,191.65460503159764,192.0015807949404,47471900
2023-07-27,191.55548095703125,195.50119046422063,190.89125457942112,194.33136299756583,47460200
2023-07-28,194.1429901123047,194.9361013981904,192.46754649179775,192.99297950413737,48291400
2023-07-31,194.7576446533203,194.7973085377491,193.57789369266726,194.37100498050742,38824100
2023-08-01,193.92489624023438,195.03524303340677,193.5977372471017,194.5494738750641,35175100
2023-08-02,190.92098999023438,193.4985827896997,190.1972829299724,193.3597894476311,50389300
2023-08-03,189.52313232421875,190.71279169853844,189.04727159995883,189.91969553388512,61235200
2023-08-04,180.42222595214844,185.76579240309633,180.35282171627148,183.92181504025928,115799700
2023-08-07,177.3092803955078,181.5524085909385,175.82220233279125,180.56102321579414,97576100
2023-08-08,178.2510986328125,178.71705098279648,176.05022182613857,178.14204563329835,67823000
2023-08-09,176.6549530029297,179.3713391045639,175.48511045638642,179.31185840559957,60378500
2023-08-10,176.4368438720703,179.1928938087059,176.07003615011226,177.93383023619305,54686900
2023-08-11,176.49639892578125,177.32036168980022,175.26543082107975,176.02983256684112,51988100
2023-08-14,178.15428161621094,178.38260392804418,176.01991561712387,176.67511718788185,43675600
2023-08-15,176.15890502929688,178.1741339293912,175.76182141117968,177.5785085022154,43622600
2023-08-16,175.28530883789062,177.24096145960885,175.2158108770956,175.84123193317788,46964900
2023-08-17,172.73397827148438,176.2184341041098,172.21775754332145,175.85113106656488,66062900
2023-08-18,173.22042846679688,173.82599075554495,170.70883778094841,171.04636032936088,61114200
2023-08-21,174.5605926513672,174.84849110751958,172.47588124297116,173.79620604217206,46311900
2023-08-22,175.94049072265625,176.38721354501158,174.96762533098521,175.77172944077836,42084200
2023-08-23,179.8022003173828,180.2290795956185,177.0325064942749,177.22112651388355,52722800
2023-08-24,175.0966796875,179.78233860000068,174.72936147404116,179.355459364837,54945800
2023-08-25,177.31044006347656,177.84650437604776,174.54074667761984,176.08939374478845,51449600
2023-08-28,178.8789520263672,179.27603559399373,177.25088516267095,178.77967356057698,43820700
2023-08-29,182.7803497314453,183.55467328918405,178.19396940518234,178.39251118833664,53003900
2023-08-30,186.28468322753906,186.48324017846022,183.39586742396716,183.59440922711968,60813900
2023-08-31,186.50306701660156,187.7439721096439,186.11590523348306,186.47328650618994,60794500
2023-09-01,188.0814971923828,188.538141753245,186.91007498628073,188.11127770079705,45732600
2023-09-05,188.31976318359375,188.59772472633045,186.24497340110617,186.91009674606673,45280000
2023-09-06,181.5791473388672,187.4759302206488,180.1496223799182,187.02919231015284,81755800
2023-09-07,176.26808166503906,176.91336139268128,172.27732670257566,173.90539355501954,112488800
2023-09-08,176.883544921875,178.92856896891382,176.496383189952,177.05232132224614,65551300
2023-09-11,178.05499267578125,178.98815574028976,176.04968578063105,178.75983344187836,58953100
2023-09-12,175.0172576904297,178.81939272059032,173.5480302988034,178.18404991763566,90370200
2023-09-13,172.94244384765625,176.0099571796133,172.71410643559972,175.2256967861003,84267900
2023-09-14,174.46131896972656,174.8187002110415,172.31703152183695,172.7339737787434,60895800
2023-09-15,173.73663330078125,175.2157976120051,172.55530438661506,175.1959388893145,109205100
2023-09-18,176.6750946044922,178.0748391046168,174.88818834345716,175.1959303652364,67257600
2023-09-19,177.76710510253906,178.32302815377042,175.84121799808253,176.22837977645918,51826900
2023-09-20,174.213134765625,178.39249419218916,174.1237780961169,177.95569322220518,58436200
2023-09-21,172.6644744873047,175.0172406192522,172.5949916855764,173.27997365508898,63047900
2023-09-22,173.5182342529297,175.79158086544706,172.7836281326413,173.39911221131908,56725400
2023-09-25,174.7988739013672,175.68239780791916,172.88290837390605,172.93254761202513,46172700
2023-09-26,170.70884704589844,173.92526351342306,170.4110267791137,173.54803864674588,64588900
2023-09-27,169.18995666503906,171.78096710415326,167.8200077433672,171.36402481079512,66921800
2023-09-28,169.4480743408203,170.77832096236608,166.40040416763804,168.1078907839796,56294400
2023-09-29,169.96429443359375,171.81076180692196,169.10061419351356,170.76839850543928,51814200
2023-10-02,172.48580932617188,173.03181060107437,169.6863201427267,169.97421860938772,52164500
2023-10-03,171.14561462402344,172.36667607241205,169.5771240058018,171.0066338674304,49594600
2023-10-04,172.39646911621094,172.94247039530038,169.7260388902924,169.8451609338146,53020300
2023-10-05,173.63735961914062,174.17342391765436,171.42357417816774,172.5254984313363,48527900
2023-10-06,176.19862365722656,176.69498575707453,171.91996963241104,172.53546893670554,57224100
2023-10-09,177.6876983642578,177.7472593887107,174.52090595018925,175.52355187327169,42390800
2023-10-10,177.09202575683594,178.41235043494368,176.65522479291874,176.80414247485348,43698000
2023-10-11,178.49179077148438,178.54143000452555,176.30780084757703,176.90342620076967,47551100
2023-10-12,179.39517211914062,181.01330204161414,177.73730960362397,178.75982932462722,56743100
2023-10-13,177.5487060546875,180.60628286156256,176.84386529966793,180.09999903884182,51427100
2023-10-16,177.4196319580078,177.77701319881453,175.22570528432323,175.46396449411634,52517000
2023-10-17,175.86105346679688,177.12181720914745,173.52816111664285,175.3646914585386,57549400
2023-10-18,174.5605926513672,176.28793794498117,173.83590833900334,174.30248985254676,54764400
2023-10-19,174.18338012695312,176.54605322348112,173.91534037415258,174.75914678442408,59302900
2023-10-20,171.6221466064453,174.14365914589465,171.38388737014972,174.03445888939677,64189300
2023-10-23,171.74127197265625,172.7439178760632,168.69360166729962,169.66648220683237,55980100
2023-10-24,172.17807006835938,172.4063923696406,170.20254365913797,171.7909082758531,43816600
2023-10-25,169.8551025390625,171.80083332633419,169.4083645680371,170.62942613878033,57157000
2023-10-26,165.6757049560547,170.13304109397222,164.46458048468762,169.13038017633548,70625300
2023-10-27,166.9960479736328,167.73066925493364,165.6161620916175,165.69558183671225,58499100
2023-10-30,169.05096435546875,169.92456632823416,167.6412980843576,167.79021577395145,51131000
2023-10-31,169.52748107910156,169.65652489813172,166.67835290941483,168.11781482217418,44846000
2023-11-01,172.70420837402344,172.9623111800798,168.88221462983017,169.75581666227828,56934900
2023-11-02,176.2780303955078,176.4864939793014,174.18338188289627,174.2429429068373,77334800
2023-11-03,175.3647003173828,175.53347673875106,172.08872301559984,172.97224682902157,79763700
2023-11-06,177.92593383789062,178.1244756256995,174.92791800211177,175.09667927913767,63841300
2023-11-07,180.4971160888672,181.1126002277605,177.66784614167742,177.87630973489087,70530000
2023-11-08,181.559326171875,182.1152492936175,180.26878169767622,181.02326177527158,49340300
2023-11-09,181.08279418945312,182.78034380026955,180.48715371155149,181.62879543623518,53763500
2023-11-10,185.2875518798828,185.4565506612299,182.43468499907056,182.87206148972973,66133400
2023-11-13,183.6970977783203,184.9197527658604,183.1106225987718,184.71101456121173,43627500
2023-11-14,186.32135009765625,186.987349680322,185.18815428767326,186.579792942837,60108400
2023-11-15,186.887939453125,188.36905250310778,186.65931635404164,186.72890587030213,53790500
2023-11-16,188.57781982421875,189.82035984023278,187.52413314974999,188.43865594913416,54412900
2023-11-17,188.55792236328125,189.24380683321974,187.44461143684416,189.11457782649978,50922700
2023-11-20,190.3074188232422,190.7646802061248,188.74679650771577,188.75673136709773,46505100
2023-11-21,189.50225830078125,190.37701130719432,188.60763557529475,190.26766718139268,38134500
2023-11-22,190.1682586669922,191.77858564632436,189.69112755602794,190.3471923134316,39617700
2023-11-24,188.83624267578125,189.76068506922263,188.1205384889839,189.73086532541635,24048300
2023-11-27,188.65731811523438,189.53207108953595,187.77263028176083,188.78654712309,40552600
2023-11-28,189.263671875,189.9396214691522,188.26963995303524,188.64737693705334,38415400
2023-11-29,188.2398223876953,190.9435904601538,187.84221568139642,189.76069003248776,43014200
2023-11-30,188.8163604736328,189.1841625986753,187.06686975200412,188.70701635554832,48794400
2023-12-01,190.0986785888672,190.41676093068807,188.1006646303825,189.19410585978827,45679300
2023-12-04,188.29946899414062,188.91577913023963,186.33128993843854,188.84618961175903,43389500
2023-12-05,192.26565551757812,193.23980256929687,189.0449865799245,189.07482149235318,66628400
2023-12-06,191.17222595214844,193.5976510937421,190.9634725753497,193.28950362567244,41089700
2023-12-07,193.110595703125,193.83623479668313,192.43464607405332,192.4744158469115,47477700
2023-12-08,194.5419921875,194.8203199094653,192.5141585929263,193.04099429291227,53377300
2023-12-11,192.02708435058594,192.33524699521988,190.27759358324766,191.9575100014726,60943700
2023-12-12,193.5479736328125,193.5579084922386,190.5758125501861,191.92769665062553,52696900
2023-12-13,196.778564453125,196.8183190559037,193.68712459255818,193.925682544677,70404200
2023-12-14,196.9276580810547,198.42864077264184,194.98929893159502,196.83819885132337,66831600
2023-12-15,196.39089965820312,197.2159328291742,195.82429416614897,196.3511298862745,128256700
2023-12-18,194.72091674804688,195.45650584640038,193.22986883323685,194.91972010314345,55751900
2023-12-19,195.7646484375,195.77458329630363,194.72091188963017,194.98930475456203,40714100
2023-12-20,193.667236328125,196.50021813416774,193.667236328125,195.72487446786357,52242800
2023-12-21,193.51812744140625,195.90381315665195,192.34517705306277,194.92966611931476,46482500
2023-12-22,192.44459533691406,194.24379077463595,191.8183503425399,194.01515250091973,37122800
2023-12-26,191.8978729248047,192.73285613100865,191.67918468017166,192.45452839560733,28919300
2023-12-27,191.9972686767578,192.34518593287333,189.94956524818429,191.34121910492223,48087700
2023-12-28,192.42471313476562,193.4982694967864,192.01715638138543,192.98136861854135,34049900
2023-12-29,191.38096618652344,193.23980104114617,190.58573760932344,192.7427850763616,42628800
2024-01-02,184.53207397460938,187.3153662175252,182.79251821875232,186.03305662356883,82488700
2024-01-03,183.15037536621094,184.77065219734183,182.3352619375341,183.1205556229884,58414500
2024-01-04,180.82435607910156,181.99730650228184,179.80050438167336,181.06291404030495,71983600
2024-01-05,180.09869384765625,181.6692660827433,179.09472708075188,180.90387243418792,62303300
2024-01-08,184.4525604248047,184.49233019548157,180.41679326133186,181.0032684531674,59144500
2024-01-09,184.03506469726562,184.04499955584959,181.63944418662982,182.82234457021028,42841800
2024-01-10,185.0788116455078,185.2875498615879,182.82235486658107,183.24979649333252,46792900
2024-01-11,184.4823760986328,185.93366934185158,182.524132048394,185.42670336710847,49128400
2024-01-12,184.81040954589844,185.6255229866903,184.08477050382692,184.9495734055796,40444700
2024-01-16,182.53408813476562,183.16031793652851,179.85018978995151,181.07285998444632,65603000
2024-01-17,181.58973693847656,181.83824490899738,179.22395137316974,180.18816351220838,47317400
2024-01-18,187.50425720214844,188.01120805146246,184.72096462518135,184.97940747954695,78005800
2024-01-19,190.41676330566406,190.8044351704297,187.693125392904,188.20007624137466,68741000
2024-01-22,192.73284912109375,194.16425751836653,191.11257223144145,191.15234200232317,60133900
2024-01-23,194.01513671875,194.58174217570732,192.6732027698961,193.8561031440579,42355600
2024-01-24,193.33921813964844,195.20800309667513,193.1801693842155,194.25372573180164,53631300
2024-01-25,193.0111846923828,195.0986578845498,191.95751323703675,194.0549212884663,54822100
2024-01-26,191.27162170410156,193.59765277461963,190.79449062577763,193.11058683739938,44594000
2024-01-29,190.58575439453125,191.05295065599338,188.44859162482356,190.8640821459055,47145600
2024-01-30,186.91775512695312,190.65532484477694,186.35116482109103,189.80045678886228,55859400
2024-01-31,183.29946899414062,185.98336715144941,183.24977953529768,185.92371249893742,55467800
2024-02-01,185.74481201171875,185.83427124755644,182.72296153753896,182.8919451500293,64885400
2024-02-02,184.74082946777344,186.21199239128737,178.1802130458578,178.78657309445222,102518000
2024-02-05,186.55992126464844,188.12055880845503,184.73090599759692,187.02711752504118,69668800
2024-02-06,188.1702423095703,188.180177168222,185.65534280788862,185.74480203892318,43490800
2024-02-07,188.2795867919922,189.9097985097057,187.48435823433906,189.5022417883465,53439000
2024-02-08,187.19610595703125,188.40881099372643,186.23189374257132,188.25971226684047,40962000
2024-02-09,187.9624786376953,189.0971204380579,187.11646725876852,187.76340641648085,45155200
2024-02-12,186.2704620361328,187.78332288230948,185.91215328801408,187.53449778464588,41781900
2024-02-13,184.1703643798828,185.33487911795885,182.64755610649428,184.89694454758455,56529500
2024-02-14,183.2845458984375,184.65806518525375,181.58259087415234,184.44906062504626,54630500
2024-02-15,182.9959259033203,183.62296999377594,180.4977274519665,182.68738521978767,65434500
2024-02-16,181.45318603515625,183.981257173353,180.81619448303394,182.5579699194549,49701400
2024-02-20,180.70672607421875,181.5726325042779,179.15405998428736,180.93564089848354,53665600
2024-02-21,181.4631805419922,182.03049388623003,179.81097819372195,181.08496152111414,41529700
2024-02-22,183.50350952148438,184.09074823448796,181.60249751065342,182.61769287128237,52292200
2024-02-23,181.6622314453125,184.1703774935557,181.37358582743232,184.14051969682032,45119700
2024-02-26,180.30862426757812,181.90109579673225,179.80101134340092,181.38355052297356,40867400
2024-02-27,181.77169799804688,183.05562869813585,178.71611879819,180.24888975946536,54318900
2024-02-28,180.5673828125,182.25939032452453,179.28345207788615,181.6522565198894,48953900
2024-02-29,179.90052795410156,181.71198177710176,178.6862603817135,180.41808835882694,136682600
2024-03-01,178.81565856933594,179.68156498512658,176.54637506189474,178.70617492699984,73488000
2024-03-04,174.27708435058594,176.0686126971914,172.97322823226915,175.32213749041347,81510100
2024-03-05,169.3204803466797,171.23145507958293,168.82283020205665,169.9574719243141,95132400
2024-03-06,168.3251953125,170.43524244414468,167.88726071561,170.25608047856306,68587700
2024-03-07,168.2057647705078,169.92763018116116,167.6981670423948,168.35505375316498,71765100
2024-03-08,169.92762756347656,172.8836708711805,168.14604658720506,168.20576217934803,76114600
2024-03-11,171.93814086914062,173.56048535052068,171.2414336396481,172.12725037151972,60139500
2024-03-12,172.41586303710938,173.2121062975323,170.20629520329734,172.3362371923594,59825400
2024-03-13,170.3257598876953,172.37607625258147,169.95748841772314,171.9580519129805,52488700
2024-03-14,172.1869659423828,173.49080701178275,171.2414336176872,172.0973925529764,72913500
2024-03-15,171.80874633789062,171.80874633789062,169.48969463541124,170.3655638276482,121664700
2024-03-18,172.903564453125,176.87481800543844,172.70450743615612,174.74487603101005,75604200
2024-03-19,175.25250244140625,175.78001045706262,172.21683307682196,173.52067421691896,55215200
2024-03-20,177.83030700683594,177.83030700683594,174.2671300256647,174.89417408943874,53423100
2024-03-21,170.56460571289062,176.65585381045534,170.037097774542,176.21791925324277,106181300
2024-03-22,171.4703369140625,172.23672240837217,169.26076900158964,170.95277649830084,71106600
2024-03-25,170.0470733642578,171.13194711675717,168.65364374159117,169.76839047714014,54288300
2024-03-26,168.9124298095703,170.61438491064948,168.78303590364706,169.20106023000122,57388400
2024-03-27,172.49549865722656,172.78414425918754,169.31054062211945,169.609133760084,60273300
2024-03-28,170.67408752441406,171.42056273337485,169.70864503919194,170.94282285202152,65672700
2024-04-01,169.23092651367188,170.4451942217802,168.68350825393796,170.38547862745995,46240500
2024-04-02,168.04649353027344,168.54414366405445,167.43935975957754,168.28537106183597,49329500
2024-04-03,168.8527069091797,169.87786510696628,167.78774337767854,167.9967479570679,47691700
2024-04-04,168.02662658691406,171.1120488206033,168.02662658691406,169.4897042530356,53704400
2024-04-05,168.7830352783203,169.5892261323792,168.15599119757314,168.79298281447828,42055200
2024-04-08,167.65834045410156,168.40481571452685,167.4493358859462,168.23561647794648,37425500
2024-04-09,168.8726043701172,169.2806811483862,167.55881583801002,167.90716183961618,42451200
2024-04-10,166.99147033691406,168.2953112001811,166.32462100940634,168.0066808175879,49709300
2024-04-11,174.21737670898438,174.63541624491384,167.36972023014152,167.5488670137579,91070300
2024-04-12,175.72027587890625,177.52176704196785,173.39127675717174,173.44102962389059,101593300
2024-04-15,171.87840270996094,175.7998881273465,171.68929323241036,174.53585255667426,73531800
2024-04-16,168.583984375,172.94338974194338,167.47920033817573,170.94284143183614,73711200
2024-04-17,167.21046447753906,169.84800441976404,167.21046447753906,168.81289870293196,50901200
2024-04-18,166.25494384765625,167.84743029154777,165.76725645436014,167.24029654336022,43122900
2024-04-19,164.2245635986328,165.6179780634261,163.3088890664717,165.42888374733738,67772100
2024-04-22,165.0605926513672,166.4739172082034,163.99562926284756,164.74210446317437,48116400
2024-04-23,166.1156005859375,166.26490473113174,164.14491040339777,164.5728973951299,49537800
2024-04-24,168.2256622314453,168.50434510258808,165.42887079721268,165.75730653407012,48251800
2024-04-25,169.09158325195312,169.80820075027214,167.3597550998357,168.73327450279362,50558300
2024-04-26,168.5043487548828,170.53475474394267,168.38490238817732,169.081624768213,44838400
2024-04-29,172.68460083007812,175.20270935632288,172.28648678772151,172.55520693212748,68169400
2024-04-30,169.5294952392578,174.16759809934044,169.2010443307548,172.51539602156524,65934800
2024-05-01,168.5043487548828,171.89832652202932,168.31523926242042,168.78303163206596,50383100
2024-05-02,172.21682739257812,172.6049939419865,170.08688513916925,171.69926693100732,94214900
2024-05-03,182.51817321777344,186.12115543095717,181.80155578938326,185.7727942523785,163224100
2024-05-06,180.85601806640625,183.33430600969174,179.57207221815372,181.49300962933657,78569700
2024-05-07,181.54278564453125,184.0310366275269,180.46787458450643,182.58785409480518,77305800
2024-05-08,181.8811798095703,182.20963072654146,180.5972339353124,181.9906634485607,45057100
2024-05-09,183.7025909423828,183.79216432803474,181.25414542501753,181.70202754035518,48983000
2024-05-10,182.43682861328125,184.46998840191682,181.51991222172592,184.28062242398164,50759500
2024-05-13,185.65602111816406,186.47328168344126,184.00157793065927,184.81883849593646,72044800
2024-05-14,186.8021697998047,187.66926595480425,185.6659889969534,186.8819036535792,52393600
2024-05-15,189.08450317382812,190.0113806876588,186.74236879853999,187.28056849688068,70400000
2024-05-16,189.2041015625,190.45989075478766,189.02471179656044,189.83199615864385,52845200
2024-05-17,189.2340087890625,190.17086260921994,188.5463175718117,188.87521403256983,41282900
2024-05-20,190.40008544921875,191.27714266640717,188.37688635675946,188.69582178398366,44361300
2024-05-21,191.70570373535156,192.08442053272114,190.28048580582154,190.44991454290118,42309400
2024-05-22,190.26055908203125,192.17414127105863,189.63267965869522,191.6259804985601,34648500
2024-05-23,186.25401306152344,190.36020743395642,186.0048504863481,190.34027016979292,51005900
2024-05-24,189.3436279296875,189.94162421863646,187.41012383078694,188.1875250894915,36294600
2024-05-28,189.35360717773438,192.35351928350596,188.4665889665476,190.868504773859,52280100
2024-05-29,189.652587890625,191.6060292626522,188.8752018363686,188.97487295416659,53068000
2024-05-30,190.6492462158203,191.53626445370173,189.99146851693155,190.12102272627732,49947900
2024-05-31,191.6060333251953,191.92496874276912,189.27387511297837,190.79874896001851,75158300
2024-06-03,193.3800506591797,194.33684160969634,191.8751142263389,192.25383098769495,50080500
2024-06-04,193.69898986816406,194.66574186569684,192.38340418619828,193.98801176077237,47471400
2024-06-05,195.21389770507812,196.24044634116564,194.2172473626493,194.74547082752238,54156800
2024-06-06,193.82855224609375,195.84179017422778,193.5195930765027,195.03450583879902,41181800
2024-06-07,196.23048400878906,196.28031956711487,193.48969558531903,193.99798178181695,53103900
2024-06-10,192.4730987548828,196.63910486677477,191.50634675889475,196.2404356269631,97262100
2024-06-11,206.45611572265625,206.46609195915696,192.9814138224934,193.00133588013964,172373300
2024-06-12,212.35630798339844,219.46241499269527,206.20696163392407,206.67538853844061,198134300
2024-06-13,213.52236938476562,216.02395620562416,210.89121315624297,214.02069454325613,97862700
2024-06-14,211.77822875976562,214.44924427717243,210.59221246372425,213.13367378271622,70122700
2024-06-17,215.94422912597656,218.21659070332575,212.0074632920053,212.65527993528355,93728300
2024-06-18,213.5721893310547,217.89766325641614,212.28651711595563,216.86113841241473,79943300
2024-06-20,208.97764587402344,213.5223844137921,208.15043943546107,213.21341001933183,86172500
2024-06-21,206.79498291015625,211.18023828891836,206.41625091745033,209.6852627905662,246421400
2024-06-24,207.4427947998047,211.98751777765062,205.89798377862786,207.02420349475855,80727000
2024-06-25,208.36968994140625,210.67194975002218,207.91122410230182,208.44940858434205,56713900
2024-06-26,212.5356903076172,214.1402980033581,209.9344322470105,210.79155216910215,66213200
2024-06-27,213.3828582763672,215.01736433595826,211.63872006367095,213.97087836680484,49772700
2024-06-28,209.9144744873047,215.34623061165473,209.5955543096767,215.0472324898511,82542700
2024-07-01,216.02395629882812,216.78140506529675,211.2101334408119,211.37956216985054,60402900
2024-07-02,219.53216552734375,219.64179766849512,214.3794853085834,215.42595595595571,58046200
2024-07-03,220.80789184570312,220.80789184570312,218.29632866276663,219.26308073535034,37369800
2024-07-05,225.5818328857422,225.69146503075916,220.90754038733803,220.90754038733803,60412400
2024-07-08,227.056884765625,227.08678305881674,222.50218547217585,226.32931907748747,59085900
2024-07-09,227.9139862060547,228.631575647805,225.6117264169712,227.1664984715379,48076100
2024-07-10,232.1995849609375,232.2992560750062,228.48208356286247,228.53191911989683,62627700
2024-07-11,226.80772399902344,231.61157070495582,225.01375035477759,230.61492037011672,64710600
2024-07-12,229.76776123046875,231.86073301422448,227.91399100155513,228.1531925563972,53046500
2024-07-15,233.61483764648438,236.43535998230433,232.3092281117703,235.68787221439834,62631300
2024-07-16,234.033447265625,235.4785872610991,231.55178236868576,234.21283703260292,43234300
2024-07-17,228.1133270263672,230.68468664215072,225.88082486496336,228.68140979310064,57345900
2024-07-18,223.42906188964844,229.66810263837593,221.52547133243425,229.50863493701104,66034600
2024-07-19,223.55862426757812,226.04028896611686,222.5320756847993,224.06692564873424,49151500
2024-07-22,223.20980834960938,227.01700459563804,222.34271224556252,226.24957960487185,48201800
2024-07-23,224.25628662109375,226.17982967750157,221.93408951337017,223.61843101438217,39960300
2024-07-24,217.80795288085938,224.04699357799979,216.40268749627205,223.24967028544495,61777600
2024-07-25,216.76148986816406,220.11023564894725,213.9010930254534,218.19665359620475,51391200
2024-07-26,217.2299041748047,218.75477790382115,215.2864239407029,217.96741565742542,41601300
2024-07-29,217.50897216796875,218.5654190781,215.0273073866339,216.23326096996,36311800
2024-07-30,218.0670928955078,219.59196666736065,215.3960621319004,218.45578591171193,41643800
2024-07-31,221.3361053466797,223.07028238181744,219.89096542123676,220.6982497488722,50036300
2024-08-01,217.62857055664062,223.72806581879624,216.29306274041448,223.61843367222977,62501000
2024-08-02,219.12353515625,224.84431334230803,216.98074309833058,218.41590675319648,105568600
2024-08-05,208.5690155029297,212.7848420736874,195.34346157584417,198.42310739676375,119548600
2024-08-06,206.5358428955078,209.28660752946874,200.39648844230862,204.61231506511243,69660500
2024-08-07,209.1171875,212.9243839975228,205.69866882998738,206.2069550428707,63516400
2024-08-08,212.59547424316406,213.4824924067945,208.13048513245963,212.39614722358988,47161100
2024-08-09,215.51568603515625,216.05387055494424,211.259984607228,211.38955402452135,42201600
2024-08-12,217.0522918701172,219.02793942662467,215.12653755613,215.59550663031672,38028100
2024-08-13,220.78407287597656,221.40270642093424,218.52902632127157,218.52902632127157,44155300
2024-08-14,221.23309326171875,222.54021400164925,219.21752501736546,220.08562480803565,41960600
2024-08-15,224.22650146484375,224.8551228159093,222.27079905335071,224.10676986474735,46414000
2024-08-16,225.5535888671875,226.33187474025672,223.15885022096822,223.42826155403992,44340200
2024-08-19,225.39393615722656,225.4937226434457,222.5501887780633,225.2243113108782,40687800
2024-08-20,226.0125732421875,226.6711275207631,224.95490346311303,225.27420804373648,30299000
2024-08-21,225.90280151367188,227.47933353511345,224.5557753561492,226.02254833732334,34765500
2024-08-22,224.03692626953125,227.8385569948794,223.4083048904395,227.28976176117078,43695300
2024-08-23,226.3418426513672,227.7188169640382,223.83736023691762,225.16444130741013,38677300
2024-08-26,226.68109130859375,226.7808777924977,223.39832305195915,226.2620154817008,30602200
2024-08-27,227.5292205810547,228.3474270817302,224.39611696496783,225.5036798955901,35934600
2024-08-28,225.99261474609375,229.35520907583674,225.18438078371824,227.4194670399241,38052200
2024-08-29,229.28536987304688,232.4085012026452,228.37737982242845,229.59470189609323,51906300
2024-08-30,228.49710083007812,229.89402024722435,226.98043458769098,229.6844899472923,52990800
2024-09-03,222.28077697753906,228.49709095305272,220.68428466242796,228.04808224732741,50190600
2024-09-04,220.36500549316406,221.29295584608857,217.0023958735564,221.17322424578342,43840200
2024-09-05,221.89163208007812,224.98481497811864,221.03352013282222,221.14327916881817,36615400
2024-09-06,220.3350830078125,224.74537478911404,219.28738577978086,223.4581991238727,48423000
2024-09-09,220.42486572265625,220.7840757397734,216.23409233980902,220.33506702469683,67180000
2024-09-10,219.6266326904297,220.99361925876318,216.25405039598212,218.4392435287618,51591000
2024-09-11,222.1710205078125,222.6000688776049,217.4114916314568,220.9736588702828,44587100
2024-09-12,222.28077697753906,223.059062794204,219.33725854525207,222.01136566399225,37498200
2024-09-13,222.01138305664062,223.5479944694599,221.42268236911949,223.08901316997165,36766600
2024-09-16,215.84495544433594,216.74297289953918,213.4502168549942,216.0644583037111,59357400
2024-09-17,216.31390380859375,216.42366284814068,214.02893954474482,215.27619443719672,45519300
2024-09-18,220.20535278320312,222.22092099435915,217.06226125375574,217.07224903728172,59894900
2024-09-19,228.3673858642578,229.31531179988679,224.1367068474718,224.49591687958383,66781300
2024-09-20,227.6988525390625,232.57811312113958,227.12012443578536,229.46496974860833,318679900
2024-09-23,225.97265625,228.94610768522742,225.31410200503296,226.8407407931877,54146000
2024-09-24,226.8706817626953,228.8463445678705,225.2342838755063,228.14786961487798,43556100
2024-09-25,225.8728790283203,226.79085685048213,223.52804884217394,224.43603888049125,42308700
2024-09-26,227.02035522460938,227.99819881641105,224.9149883158055,226.80083714120576,36636700
2024-09-27,227.2897491455078,229.01596089620384,226.80083496693393,227.9582911728241,34026000
2024-09-30,232.4883270263672,232.4883270263672,229.14567760776433,229.53482055042815,54541900
2024-10-01,225.71324157714844,229.14567442683443,223.24866456606327,229.01597026460064,63285000
2024-10-02,226.281982421875,226.8706831083472,222.5302449869956,225.39393750024195,32880600
2024-10-03,225.17440795898438,226.3119038145279,222.82957789090332,224.64557310138042,34044200
2024-10-04,226.30194091796875,227.49930262356304,223.63780617480538,227.39951613756347,37245100
2024-10-07,221.20315551757812,225.1943712346882,220.84394549402703,224.0069821228032,39505400
2024-10-08,225.27420043945312,225.4837307412941,222.75973024040246,223.80742742544692,31855700
2024-10-09,229.03591918945312,229.24546472466872,224.33627096325682,224.73538646570117,33591100
2024-10-10,228.53701782226562,228.99601435408132,226.67112924406288,227.27979028338342,28183500
2024-10-11,227.05029296875,228.9062089337624,226.84074743911052,228.79644988971887,31759200
2024-10-14,230.79205322265625,231.22110160659443,228.09798564307096,228.19775690140833,39882100
2024-10-15,233.33645629882812,236.9684620133565,231.85969551276995,233.0969778733182,64751400
2024-10-16,231.27099609375,231.61024577942743,229.33525401328018,231.09139869260778,34082200
2024-10-17,231.6401824951172,233.3364614020046,230.0137723986246,232.9173703418766,32993800
2024-10-18,234.48391723632812,235.66131853389138,233.4960858911256,235.66131853389138,46431500
2024-10-21,235.96067810058594,236.32987592195377,233.9351372634737,233.9351372634737,36254500
2024-10-22,235.342041015625,235.70125104779564,232.08920560922664,233.376366009758,38846600
2024-10-23,230.25323486328125,234.62362105235994,227.25982300232985,233.56595129753524,52287000
2024-10-24,230.0636749267578,230.3131259260407,227.90841463888628,229.47495899723685,31109500
2024-10-25,230.9018096923828,232.7078323586645,229.0658541264054,229.23547896644118,38802300
2024-10-28,232.88743591308594,234.21451699403664,232.03931169048735,232.80762499530724,36087100
2024-10-29,233.15684509277344,233.815399347975,231.8098189074392,232.58810476348472,35417200
2024-10-30,229.5946807861328,232.95727501758805,229.04588560251634,232.09916306464564,47070900
2024-10-31,225.4138946533203,229.325284321648,224.8750719925984,228.83635490362704,64370100
2024-11-01,222.42047119140625,224.8551151455125,219.78626950218685,220.48472918772245,65276700
2024-11-04,221.52244567871094,222.3007315284092,219.2275088130919,220.5046966292777,44944500
2024-11-05,222.95928955078125,223.45819152571042,220.65436486265338,221.31291912362707,28111300
2024-11-06,222.23089599609375,225.5735453041769,220.7042571772517,222.12113695305962,54561100
2024-11-07,226.98043823242188,227.37956894750107,224.0768403097807,224.13670611072257,42137700
2024-11-08,226.7107391357422,228.4088689967903,226.16134014604208,226.92049995960826,38328800
2024-11-11,223.98373413085938,225.45212091614073,221.25673663335022,224.7528927426808,42005600
2024-11-12,223.98373413085938,225.34224111445195,223.11469448970428,224.30339000560164,40398300
2024-11-13,224.8727569580078,226.4010754152989,222.5153482196322,223.76397540644066,48566200
2024-11-14,227.9693603515625,228.61864039722624,224.7528954725484,224.77287777547028,44923900
2024-11-15,224.7528839111328,226.67077335813082,224.023689933323,226.15134020310103,47923700
2024-11-18,227.7695770263672,229.4876892234719,224.92270099550518,225.00261496304853,44686000
2024-11-19,228.02928161621094,229.90722171238716,226.41106572007726,226.73070634208972,36211800
2024-11-20,228.7484893798828,229.67746064503265,225.64190448211673,227.80951934283004,35169600
2024-11-21,228.26902770996094,229.90722593821596,225.46211628612434,228.6286329426038,42108300
2024-11-22,229.61753845214844,230.46661102927646,227.80952873867182,227.80952873867182,38168300
2024-11-25,232.61424255371094,232.99383009111634,229.48769048234254,231.2058026888721,90152800
2024-11-26,234.8018341064453,235.31128373473052,233.07373841155265,233.07373841155265,45986200
2024-11-27,234.67198181152344,235.43115689965902,233.55321672420507,234.21249554010248,33498400
2024-11-29,237.06935119628906,237.5488197625333,233.71304074851764,234.55211454995276,28481400
2024-12-02,239.3268585205078,240.52553753151284,236.89953466637493,237.00941446483552,48137100
2024-12-03,242.3834991455078,242.49337894569658,238.6376176509325,239.54662188503684,38861000
2024-12-04,242.74310302734375,243.84190102311462,240.9850414761411,242.60325739533934,44383900
2024-12-05,242.7730712890625,244.2714238935446,241.86408229295347,243.72204013219255,40033900
2024-12-06,242.5732879638672,244.3613305629988,241.8141281502541,242.6432183998472,36870600
2024-12-09,246.47900390625,246.96847124510987,241.48449521514058,241.56440918324205,44649200
2024-12-10,247.4978790283203,247.93739821602466,245.0705399660552,246.61884065291167,36914800
2024-12-11,246.2192840576172,250.52454792031958,245.98952569372008,247.68767076725757,45205800
2024-12-12,247.68768310546875,248.46682524629017,245.41017310687806,246.61885092340057,32777500
2024-12-13,247.85748291015625,249.01619729452798,245.96955931284188,247.54782582286595,33155300
2024-12-16,250.7642822265625,251.10392039685559,247.3780059899919,247.71764416028498,51694800
2024-12-17,253.20159912109375,253.5512208135588,249.50566587259755,249.80533943156328,51356400
2024-12-18,247.77757263183594,254.0007260278641,247.46791553993853,251.88305927654196,56774100
2024-12-19,249.51565551757812,251.72323503929724,246.81862390484895,247.22817727073837,60882300
2024-12-20,254.21051025390625,254.71994465608725,245.42017186050566,247.76758181309805,147495300
2024-12-23,254.98965454101562,255.36922684225433,253.17164603591402,254.49020366493687,40858800
2024-12-24,257.91644287109375,257.92641115938613,255.0096198916901,255.2094124344067,23234700
2024-12-26,258.7355041503906,259.81433504408284,257.34704665632455,257.90642916266114,27237100
2024-12-27,255.30929565429688,258.41589596104086,252.78207543596488,257.54682582842287,42355300
2024-12-30,251.9230194091797,253.22159473829512,250.47461491371794,251.95298524244893,35557500
2024-12-31,250.1449737548828,253.00183336212825,249.15605553782555,252.16275955239965,39480700
2025-01-02,243.5821990966797,248.826433311358,241.55442975303322,248.65660659999048,55740700
2025-01-03,243.0927276611328,243.91181916074598,241.624340886356,243.0927276611328,40244100
2025-01-06,244.73092651367188,247.05836939894766,242.93290033169586,244.04168187374515,45045600
2025-01-07,241.94400024414062,245.28032844029428,241.08494412707995,242.71314361950866,40856000
2025-01-08,242.43344116210938,243.44234164075266,239.78635773622742,241.65429905026372,37628900
2025-01-10,236.58987426757812,239.8962364632009,232.74409661721964,239.7463920626497,61710900
2025-01-13,234.14256286621094,234.41227060505477,229.46771001708314,233.27352322575203,49630700
2025-01-14,233.02378845214844,235.8606656353981,232.21468051006943,234.49217517741417,39435300
2025-01-15,237.60874938964844,238.6975638581554,234.17252500331003,234.38230107288462,39832000
2025-01-16,228.00930786132812,237.74859991927732,227.7795647267042,237.089336348529,71759100
2025-01-17,229.7274169921875,232.03487756376998,228.22906438809179,231.86506609768284,68488300
2025-01-21,222.39547729492188,224.17352112887505,219.13906319002535,223.75398423747347,98070400
2025-01-22,223.58416748046875,223.87384226456615,219.54859611049605,219.54859611049605,64126500
2025-01-23,223.41436767578125,226.78066167492807,222.05586069453574,224.493183388126,60234800
2025-01-24,222.5353240966797,225.38220009721186,221.16683361690275,224.53312753788666,54697900
2025-01-27,229.6075439453125,231.89502211760887,223.73399710835045,223.77396171163917,94863400
2025-01-28,237.99832153320312,239.9262098046868,230.55650666713984,230.59647127201654,75707600
2025-01-29,239.0971221923828,239.5965730646729,233.75299176206667,233.86287156365174,45486100
2025-01-30,237.3290557861328,240.52553823889048,236.94948349745044,238.40787147181928,55658300
2025-01-31,235.74081420898438,246.91852728753366,233.18362815459494,246.91852728753366,101075100
2025-02-03,227.75958251953125,231.5753945205246,225.45212191586603,229.73741895869952,73063300
2025-02-04,232.54432678222656,232.87396618357337,226.40107197135944,227.00041910872287,45067300
2025-02-05,232.21469116210938,232.4144684638066,228.0193068583431,228.27901582634638,39620300
2025-02-06,232.9638671875,233.54323203112875,230.17692277145878,231.0359788855247,29925300
2025-02-07,227.3800048828125,233.74300400322835,227.0104008794231,232.3445476829273,39707200
2025-02-10,227.64999389648438,230.58999633789062,227.1999969482422,229.57000732421875,33115600
2025-02-11,232.6199951171875,235.22999572753906,228.1300048828125,228.1999969482422,53718400
2025-02-12,236.8699951171875,236.9600067138672,230.67999267578125,231.1999969482422,45243300
2025-02-13,241.52999877929688,242.33999633789062,235.57000732421875,236.91000366210938,53614100
2025-02-14,244.60000610351562,245.5500030517578,240.99000549316406,241.25,40896200
2025-02-18,244.47000122070312,245.17999267578125,241.83999633789062,244.14999389648438,48822500
2025-02-19,244.8699951171875,246.00999450683594,243.16000366210938,244.66000366210938,32204200
2025-02-20,245.8300018310547,246.77999877929688,244.2899932861328,244.94000244140625,32316900
2025-02-21,245.5500030517578,248.69000244140625,245.22000122070312,245.9499969482422,53197400
2025-02-24,247.10000610351562,248.86000061035156,244.4199981689453,244.92999267578125,51326400
2025-02-25,247.0399932861328,250.0,244.91000366210938,248.0,48013300
2025-02-26,240.36000061035156,244.97999572753906,239.1300048828125,244.3300018310547,44433600
2025-02-27,237.3000030517578,242.4600067138672,237.05999755859375,239.41000366210938,41153600
2025-02-28,241.83999633789062,242.08999633789062,230.1999969482422,236.9499969482422,56833400
2025-03-03,238.02999877929688,244.02999877929688,236.11000061035156,241.7899932861328,47184000
2025-03-04,235.92999267578125,240.07000732421875,234.67999267578125,237.7100067138672,53798100
2025-03-05,235.74000549316406,236.5500030517578,229.22999572753906,235.4199981689453,47227600
2025-03-06,235.3300018310547,237.86000061035156,233.16000366210938,234.44000244140625,45170400
2025-03-07,239.07000732421875,241.3699951171875,234.75999450683594,235.11000061035156,46273600
2025-03-10,227.47999572753906,236.16000366210938,224.22000122070312,235.5399932861328,72071200
2025-03-11,220.83999633789062,225.83999633789062,217.4499969482422,223.80999755859375,76137400
2025-03-12,216.97999572753906,221.75,214.91000366210938,220.13999938964844,62547500
2025-03-13,209.67999267578125,216.83999633789062,208.4199981689453,215.9499969482422,61368300
2025-03-14,213.49000549316406,213.9499969482422,209.5800018310547,211.25,60107600
2025-03-17,214.0,215.22000122070312,209.97000122070312,213.30999755859375,48073400
2025-03-18,212.69000244140625,215.14999389648438,211.49000549316406,214.16000366210938,42432400
2025-03-19,215.24000549316406,218.75999450683594,213.75,214.22000122070312,54385400
2025-03-20,214.10000610351562,217.49000549316406,212.22000122070312,213.99000549316406,48862900
2025-03-21,218.27000427246094,218.83999633789062,211.27999877929688,211.55999755859375,94127800
2025-03-24,220.72999572753906,221.47999572753906,218.5800018310547,221.0,44299500
2025-03-25,223.75,224.10000610351562,220.0800018310547,220.77000427246094,34493600
2025-03-26,221.52999877929688,225.02000427246094,220.47000122070312,223.50999450683594,34466100
2025-03-27,223.85000610351562,224.99000549316406,220.55999755859375,221.38999938964844,37094800
2025-03-28,217.89999389648438,223.80999755859375,217.67999267578125,221.6699981689453,39818600
2025-03-31,222.1300048828125,225.6199951171875,216.22999572753906,217.00999450683594,65299300
2025-04-01,223.19000244140625,223.67999267578125,218.89999389648438,219.80999755859375,36412700
2025-04-02,223.88999938964844,225.19000244140625,221.02000427246094,221.32000732421875,35905900
2025-04-03,203.19000244140625,207.49000549316406,201.25,205.5399932861328,103419000
2025-04-04,188.3800048828125,199.8800048828125,187.33999633789062,193.88999938964844,125910900
2025-04-07,181.4600067138672,194.14999389648438,174.6199951171875,177.1999969482422,160220300
2025-04-08,189.29400634765625,190.3350067138672,185.10000610351562,186.72999572753906,26524842
